{
  "mean": [
    0.007313063572080404,
    1.6415891066736517,
    0.019168904191155352
  ],
  "scale": [
    0.6267936161627605,
    0.7847707188919074,
    0.14237140689213731
  ],
  "n_features": 3
}